{
	"schemaVersion": 1,
	"id": "arcadia-particles",
	"version": "${version}",
	"name": "Arcadia Particles",
	"description": "Particles that show the divinity of the Gods",
	"authors": [
		"Xpyz"
	],
	"contact": {
		"homepage": "https://fabricmc.net/",
		"sources": "https://github.com/FabricMC/fabric-example-mod"
	},
	"license": "CC0-1.0",
	"icon": "assets/arcadia-particles/icon.png",
	"environment": "*",
	"entrypoints": {
		"main": [
			"com.codenamexpyz.ArcadiaParticles"
		],
		"client": [
			"com.codenamexpyz.ArcadiaParticlesClient"
		]
	},
	"depends": {
		"fabricloader": ">=0.16.10",
		"minecraft": "~1.21.4",
		"java": ">=21",
		"fabric-api": "*"
	},
	"suggests": {
		"another-mod": "*"
	}
}